{
    "individual_00": {
        "fitness": [
            0.35,
            0.55,
            1.0
        ],
        "genome": {
            "alpha": -80.63788249552616,
            "beta": -104.51884131879049,
            "ask_treshold": 0.9387703410190069
        }
    },
    "individual_01": {
        "fitness": [
            0.15,
            0.2,
            1.0
        ],
        "genome": {
            "alpha": -5575.1858746620455,
            "beta": -11160.754220662977,
            "ask_treshold": 8.488290595160118
        }
    },
    "individual_02": {
        "fitness": [
            0.05,
            0.15,
            0.85
        ],
        "genome": {
            "alpha": -24.354809209532146,
            "beta": 8.921407174649294,
            "ask_treshold": 0.04418038135760446
        }
    },
    "individual_03": {
        "fitness": [
            0.05,
            0.15,
            0.85
        ],
        "genome": {
            "alpha": -24.354809209532146,
            "beta": 8.921407174649294,
            "ask_treshold": 0.04418038135760446
        }
    },
    "individual_04": {
        "fitness": [
            0.05,
            0.15,
            0.85
        ],
        "genome": {
            "alpha": -24.354809209532146,
            "beta": 8.921407174649294,
            "ask_treshold": 0.04418038135760446
        }
    },
    "individual_05": {
        "fitness": [
            0.05,
            0.15,
            0.85
        ],
        "genome": {
            "alpha": -3.1616193485730593,
            "beta": 69.83038018737267,
            "ask_treshold": 0.10172886631406974
        }
    },
    "individual_06": {
        "fitness": [
            0.05,
            0.15,
            0.85
        ],
        "genome": {
            "alpha": -3.1616193485730593,
            "beta": 69.83038018737267,
            "ask_treshold": 0.10172886631406974
        }
    },
    "individual_07": {
        "fitness": [
            0.05,
            0.15,
            0.85
        ],
        "genome": {
            "alpha": -24.354809209532146,
            "beta": 8.921407174649294,
            "ask_treshold": 0.04418038135760446
        }
    },
    "individual_08": {
        "fitness": [
            0.05,
            0.15,
            0.85
        ],
        "genome": {
            "alpha": -3.1616193485730593,
            "beta": 69.83038018737267,
            "ask_treshold": 0.10172886631406974
        }
    },
    "individual_09": {
        "fitness": [
            0.05,
            0.15,
            0.85
        ],
        "genome": {
            "alpha": -3.1616193485730593,
            "beta": 69.83038018737267,
            "ask_treshold": 0.10172886631406974
        }
    },
    "individual_10": {
        "fitness": [
            0.05,
            0.15,
            0.85
        ],
        "genome": {
            "alpha": -3.1616193485730593,
            "beta": 69.83038018737267,
            "ask_treshold": 0.10172886631406974
        }
    },
    "individual_11": {
        "fitness": [
            0.05,
            0.15,
            0.85
        ],
        "genome": {
            "alpha": -24.354809209532146,
            "beta": 8.921407174649294,
            "ask_treshold": 0.04418038135760446
        }
    },
    "individual_12": {
        "fitness": [
            0.05,
            0.15,
            0.85
        ],
        "genome": {
            "alpha": -3.1616193485730593,
            "beta": 69.83038018737267,
            "ask_treshold": 0.10172886631406974
        }
    },
    "individual_13": {
        "fitness": [
            0.05,
            0.15,
            0.85
        ],
        "genome": {
            "alpha": -3.1616193485730593,
            "beta": 69.83038018737267,
            "ask_treshold": 0.10172886631406974
        }
    },
    "individual_14": {
        "fitness": [
            0.05,
            0.15,
            0.85
        ],
        "genome": {
            "alpha": -3.1616193485730593,
            "beta": 69.83038018737267,
            "ask_treshold": 0.10172886631406974
        }
    },
    "individual_15": {
        "fitness": [
            0.05,
            0.15,
            0.85
        ],
        "genome": {
            "alpha": -24.354809209532146,
            "beta": 8.921407174649294,
            "ask_treshold": 0.04418038135760446
        }
    },
    "individual_16": {
        "fitness": [
            0.05,
            0.15,
            0.85
        ],
        "genome": {
            "alpha": -3.1616193485730593,
            "beta": 69.83038018737267,
            "ask_treshold": 0.10172886631406974
        }
    },
    "individual_17": {
        "fitness": [
            0.05,
            0.15,
            0.85
        ],
        "genome": {
            "alpha": -24.354809209532146,
            "beta": 8.921407174649294,
            "ask_treshold": 0.04418038135760446
        }
    },
    "individual_18": {
        "fitness": [
            0.05,
            0.15,
            0.85
        ],
        "genome": {
            "alpha": -3.1616193485730593,
            "beta": 69.83038018737267,
            "ask_treshold": 0.10172886631406974
        }
    },
    "individual_19": {
        "fitness": [
            0.05,
            0.15,
            0.85
        ],
        "genome": {
            "alpha": -24.354809209532146,
            "beta": 8.921407174649294,
            "ask_treshold": 0.04418038135760446
        }
    },
    "individual_20": {
        "fitness": [
            0.05,
            0.15,
            0.85
        ],
        "genome": {
            "alpha": -24.354809209532146,
            "beta": 8.921407174649294,
            "ask_treshold": 0.04418038135760446
        }
    },
    "individual_21": {
        "fitness": [
            0.05,
            0.15,
            0.85
        ],
        "genome": {
            "alpha": -24.354809209532146,
            "beta": 8.921407174649294,
            "ask_treshold": 0.04418038135760446
        }
    },
    "individual_22": {
        "fitness": [
            0.05,
            0.15,
            0.85
        ],
        "genome": {
            "alpha": -24.354809209532146,
            "beta": 8.921407174649294,
            "ask_treshold": 0.04418038135760446
        }
    },
    "individual_23": {
        "fitness": [
            0.05,
            0.15,
            0.85
        ],
        "genome": {
            "alpha": -24.354809209532146,
            "beta": 8.921407174649294,
            "ask_treshold": 0.04418038135760446
        }
    },
    "individual_24": {
        "fitness": [
            0.05,
            0.15,
            0.85
        ],
        "genome": {
            "alpha": -3.1616193485730593,
            "beta": 69.83038018737267,
            "ask_treshold": 0.10172886631406974
        }
    },
    "individual_25": {
        "fitness": [
            0.05,
            0.15,
            0.85
        ],
        "genome": {
            "alpha": -24.354809209532146,
            "beta": 8.921407174649294,
            "ask_treshold": 0.04418038135760446
        }
    },
    "individual_26": {
        "fitness": [
            0.05,
            0.15,
            0.85
        ],
        "genome": {
            "alpha": -3.1616193485730593,
            "beta": 69.83038018737267,
            "ask_treshold": 0.10172886631406974
        }
    },
    "individual_27": {
        "fitness": [
            0.05,
            0.15,
            0.85
        ],
        "genome": {
            "alpha": -3.1616193485730593,
            "beta": 69.83038018737267,
            "ask_treshold": 0.10172886631406974
        }
    },
    "individual_28": {
        "fitness": [
            0.05,
            0.15,
            0.85
        ],
        "genome": {
            "alpha": -3.1616193485730593,
            "beta": 69.83038018737267,
            "ask_treshold": 0.10172886631406974
        }
    },