{
    "individual_00": {
        "fitness": [
            0.7,
            0.5,
            1.0
        ],
        "genome": {
            "alpha": -23.83145467847428,
            "beta": -1.0408610276176693,
            "ask_treshold": 0.05304006562795323
        }
    },
    "individual_01": {
        "fitness": [
            0.6,
            0.5,
            1.0
        ],
        "genome": {
            "alpha": -23.83145467847428,
            "beta": -1.0408610276176693,
            "ask_treshold": 0.05304006562795323
        }
    },
    "individual_02": {
        "fitness": [
            0.6,
            0.35,
            1.0
        ],
        "genome": {
            "alpha": 4.564572759536722,
            "beta": 104.50664183143977,
            "ask_treshold": 0.10741191621693118
        }
    },
    "individual_03": {
        "fitness": [
            0.55,
            0.5,
            1.0
        ],
        "genome": {
            "alpha": 4.564572759536722,
            "beta": 104.50664183143977,
            "ask_treshold": 0.10741191621693118
        }
    },
    "individual_04": {
        "fitness": [
            0.55,
            0.5,
            1.0
        ],
        "genome": {
            "alpha": -23.83145467847428,
            "beta": -1.0408610276176693,
            "ask_treshold": 0.05304006562795323
        }
    },
    "individual_05": {
        "fitness": [
            0.55,
            0.45,
            1.0
        ],
        "genome": {
            "alpha": 4.564572759536722,
            "beta": 104.50664183143977,
            "ask_treshold": 0.10741191621693118
        }
    },
    "individual_06": {
        "fitness": [
            0.55,
            0.45,
            1.0
        ],
        "genome": {
            "alpha": 4.564572759536722,
            "beta": 104.50664183143977,
            "ask_treshold": 0.10741191621693118
        }
    },
    "individual_07": {
        "fitness": [
            0.55,
            0.45,
            1.0
        ],
        "genome": {
            "alpha": 4.564572759536722,
            "beta": 104.50664183143977,
            "ask_treshold": 0.10741191621693118
        }
    },
    "individual_08": {
        "fitness": [
            0.5,
            0.55,
            1.0
        ],
        "genome": {
            "alpha": 4.564572759536722,
            "beta": 104.50664183143977,
            "ask_treshold": 0.10741191621693118
        }
    },
    "individual_09": {
        "fitness": [
            0.5,
            0.55,
            1.0
        ],
        "genome": {
            "alpha": 4.564572759536722,
            "beta": 104.50664183143977,
            "ask_treshold": 0.10741191621693118
        }
    },
    "individual_10": {
        "fitness": [
            0.5,
            0.5,
            1.0
        ],
        "genome": {
            "alpha": 4.564572759536722,
            "beta": 104.50664183143977,
            "ask_treshold": 0.10741191621693118
        }
    },
    "individual_11": {
        "fitness": [
            0.5,
            0.45,
            1.0
        ],
        "genome": {
            "alpha": 4.564572759536722,
            "beta": 104.50664183143977,
            "ask_treshold": 0.10741191621693118
        }
    },
    "individual_12": {
        "fitness": [
            0.45,
            0.65,
            1.0
        ],
        "genome": {
            "alpha": 4.564572759536722,
            "beta": 104.50664183143977,
            "ask_treshold": 0.10741191621693118
        }
    },
    "individual_13": {
        "fitness": [
            0.45,
            0.5,
            1.0
        ],
        "genome": {
            "alpha": -23.83145467847428,
            "beta": -1.0408610276176693,
            "ask_treshold": 0.05304006562795323
        }
    },
    "individual_14": {
        "fitness": [
            0.45,
            0.4,
            1.0
        ],
        "genome": {
            "alpha": -23.83145467847428,
            "beta": -1.0408610276176693,
            "ask_treshold": 0.05304006562795323
        }
    },
    "individual_15": {
        "fitness": [
            0.4,
            0.75,
            1.0
        ],
        "genome": {
            "alpha": 4.564572759536722,
            "beta": 104.50664183143977,
            "ask_treshold": 0.10741191621693118
        }
    },
    "individual_16": {
        "fitness": [
            0.4,
            0.6,
            1.0
        ],
        "genome": {
            "alpha": 4.564572759536722,
            "beta": 104.50664183143977,
            "ask_treshold": 0.10741191621693118
        }
    },
    "individual_17": {
        "fitness": [
            0.4,
            0.55,
            1.0
        ],
        "genome": {
            "alpha": 4.564572759536722,
            "beta": 104.50664183143977,
            "ask_treshold": 0.10741191621693118
        }
    },
    "individual_18": {
        "fitness": [
            0.4,
            0.55,
            1.0
        ],
        "genome": {
            "alpha": 4.564572759536722,
            "beta": 104.50664183143977,
            "ask_treshold": 0.10741191621693118
        }
    },
    "individual_19": {
        "fitness": [
            0.4,
            0.45,
            1.0
        ],
        "genome": {
            "alpha": -23.83145467847428,
            "beta": -1.0408610276176693,
            "ask_treshold": 0.05304006562795323
        }
    },
    "individual_20": {
        "fitness": [
            0.35,
            0.6,
            1.0
        ],
        "genome": {
            "alpha": 4.564572759536722,
            "beta": 104.50664183143977,
            "ask_treshold": 0.10741191621693118
        }
    },
    "individual_21": {
        "fitness": [
            0.35,
            0.0,
            0.8
        ],
        "genome": {
            "alpha": 4.564572759536722,
            "beta": 104.50664183143977,
            "ask_treshold": 0.10741191621693118
        }
    },
    "individual_22": {
        "fitness": [
            0.3,
            0.2,
            1.0
        ],
        "genome": {
            "alpha": 4.564572759536722,
            "beta": 104.50664183143977,
            "ask_treshold": 0.10741191621693118
        }
    },
    "individual_23": {
        "fitness": [
            0.3,
            0.15,
            0.85
        ],
        "genome": {
            "alpha": 4.564572759536722,
            "beta": 104.50664183143977,
            "ask_treshold": 0.10741191621693118
        }
    },
    "individual_24": {
        "fitness": [
            0.3,
            0.1,
            0.85
        ],
        "genome": {
            "alpha": 4.564572759536722,
            "beta": 104.50664183143977,
            "ask_treshold": 0.10741191621693118
        }
    },
    "individual_25": {
        "fitness": [
            0.3,
            0.0,
            0.85
        ],
        "genome": {
            "alpha": 4.564572759536722,
            "beta": 104.50664183143977,
            "ask_treshold": 0.10741191621693118
        }
    },
    "individual_26": {
        "fitness": [
            0.3,
            0.0,
            0.85
        ],
        "genome": {
            "alpha": 4.564572759536722,
            "beta": 104.50664183143977,
            "ask_treshold": 0.10741191621693118
        }
    },
    "individual_27": {
        "fitness": [
            0.25,
            0.1,
            0.95
        ],
        "genome": {
            "alpha": 4.564572759536722,
            "beta": 104.50664183143977,
            "ask_treshold": 0.10741191621693118
        }
    },
    "individual_28": {
        "fitness": [
            0.25,
            0.1,
            0.9
        ],
        "genome": {
            "alpha": 4.564572759536722,
            "beta": 104.50664183143977,
            "ask_treshold": 0.10741191621693118
        }
    },
    "individual_29": {
        "fitness": [
            0.25,
            0.1,
            0.9
        ],