{
    "individual_00": {
        "fitness": [
            0.0,
            0.85
        ],
        "genome": {
            "alpha": -1.787095560262899,
            "beta": 0.9622932261216116
        }
    },
    "individual_01": {
        "fitness": [
            0.0,
            0.0
        ],
        "genome": {
            "alpha": 1.3942679845788373,
            "beta": -4.74989244777333
        }
    },
    "individual_02": {
        "fitness": [
            0.0,
            0.0
        ],
        "genome": {
            "alpha": 1.3942679845788373,
            "beta": -4.74989244777333
        }
    },
    "individual_03": {
        "fitness": [
            0.0,
            0.0
        ],
        "genome": {
            "alpha": 1.3942679845788373,
            "beta": -4.74989244777333
        }
    },
    "individual_04": {
        "fitness": [
            0.0,
            0.0
        ],
        "genome": {
            "alpha": 1.3942679845788373,
            "beta": -4.74989244777333
        }
    },
    "individual_05": {
        "fitness": [
            0.0,
            0.0
        ],
        "genome": {
            "alpha": 1.3942679845788373,
            "beta": -4.74989244777333
        }
    },
    "individual_06": {
        "fitness": [
            0.0,
            0.0
        ],
        "genome": {
            "alpha": 1.3942679845788373,
            "beta": -4.74989244777333
        }
    },
    "individual_07": {
        "fitness": [
            0.0,
            0.0
        ],
        "genome": {
            "alpha": 1.3942679845788373,
            "beta": -4.74989244777333
        }
    },
    "individual_08": {
        "fitness": [
            0.0,
            0.0
        ],
        "genome": {
            "alpha": 1.3942679845788373,
            "beta": -4.74989244777333
        }
    },
    "individual_09": {
        "fitness": [
            0.0,
            0.0
        ],
        "genome": {
            "alpha": 1.3942679845788373,
            "beta": -4.74989244777333
        }
    },
    "individual_10": {
        "fitness": [
            0.0,
            0.0
        ],
        "genome": {
            "alpha": 1.3942679845788373,
            "beta": -4.74989244777333
        }
    },
    "individual_11": {
        "fitness": [
            0.0,
            0.0
        ],
        "genome": {
            "alpha": 1.3942679845788373,
            "beta": -4.74989244777333
        }
    },
    "individual_12": {
        "fitness": [
            0.0,
            0.0
        ],
        "genome": {
            "alpha": 1.3942679845788373,
            "beta": -4.74989244777333
        }
    },
    "individual_13": {
        "fitness": [
            0.0,
            0.0
        ],
        "genome": {
            "alpha": 1.3942679845788373,
            "beta": -4.74989244777333
        }
    },
    "individual_14": {
        "fitness": [
            0.0,
            0.0
        ],
        "genome": {
            "alpha": 1.3942679845788373,
            "beta": -4.74989244777333
        }
    },
    "individual_15": {
        "fitness": [
            0.0,
            0.0
        ],
        "genome": {
            "alpha": 1.3942679845788373,
            "beta": -4.74989244777333
        }
    },
    "individual_16": {
        "fitness": [
            0.0,
            0.0
        ],
        "genome": {
            "alpha": 1.3942679845788373,
            "beta": -4.74989244777333
        }
    },
    "individual_17": {
        "fitness": [
            0.0,
            0.0
        ],
        "genome": {
            "alpha": 1.3942679845788373,
            "beta": -4.74989244777333
        }
    },
    "individual_18": {
        "fitness": [
            0.0,
            0.0
        ],
        "genome": {
            "alpha": 1.3942679845788373,
            "beta": -4.74989244777333
        }
    },
    "individual_19": {
        "fitness": [
            0.0,
            0.0
        ],
        "genome": {
            "alpha": 1.3942679845788373,
            "beta": -4.74989244777333
        }
    },
    "individual_20": {
        "fitness": [
            0.0,
            0.0
        ],
        "genome": {
            "alpha": 1.3942679845788373,
            "beta": -4.74989244777333
        }
    },
    "individual_21": {
        "fitness": [
            0.0,
            0.0
        ],
        "genome": {
            "alpha": 1.3942679845788373,
            "beta": -4.74989244777333
        }
    },
    "individual_22": {
        "fitness": [
            0.0,
            0.0
        ],
        "genome": {
            "alpha": 1.3942679845788373,
            "beta": -4.74989244777333
        }
    },
    "individual_23": {
        "fitness": [
            0.0,
            0.0
        ],
        "genome": {
            "alpha": 1.3942679845788373,
            "beta": -4.74989244777333
        }
    },
    "individual_24": {
        "fitness": [
            0.0,
            0.0
        ],
        "genome": {
            "alpha": 1.3942679845788373,
            "beta": -4.74989244777333
        }
    },
    "individual_25": {
        "fitness": [
            0.0,
            0.0
        ],
        "genome": {
            "alpha": 1.3942679845788373,
            "beta": -4.74989244777333
        }
    },
    "individual_26": {
        "fitness": [
            0.0,
            0.0
        ],
        "genome": {
            "alpha": 1.3942679845788373,
            "beta": -4.74989244777333
        }
    },
    "individual_27": {
        "fitness": [
            0.0,
            0.0
        ],
        "genome": {
            "alpha": 1.3942679845788373,
            "beta": -4.74989244777333
        }
    },
    "individual_28": {
        "fitness": [
            0.0,
            0.0
        ],
        "genome": {
            "alpha": 1.3942679845788373,
            "beta": -4.74989244777333
        }
    },
    "individual_29": {
        "fitness": [
            0.0,
            0.0
        ],
        "genome": {
            "alpha": 1.3942679845788373,
            "beta": -4.74989244777333
        }
    },
    "individual_30": {
        "fitness": [
            0.0,
            0.0
        ],
        "genome": {
            "alpha": 1.3942679845788373,
            "beta": -4.74989244777333
        }
    },
    "individual_31": {
        "fitness": [
            0.0,
            0.0
        ],
        "genome": {
            "alpha": -548.1101816502401,
            "beta": -1112.2928476462916
        }
    },
    "individual_32": {
        "fitness": [
            0.0,
            0.0
        ],
        "genome": {
            "alpha": 1.3942679845788373,
            "beta": -4.74989244777333
        }
    },
    "individual_33": {
        "fitness": [
            0.0,
            0.0
        ],
        "genome": {
            "alpha": 1.3942679845788373,
            "beta": -4.74989244777333
        }
    },
    "individual_34": {
        "fitness": [
            0.0,
            0.0
        ],
        "genome": {
            "alpha": 1.3942679845788373,
            "beta": -4.74989244777333
        }
    },
    "individual_35": {
        "fitness": [
            0.0,
            0.0
        ],
        "genome": {
            "alpha": 1.3942679845788373,
            "beta": -4.74989244777333
        }
    },
    "individual_36": {
        "fitness": [
            0.0,
            0.0
        ],
        "genome": {
            "alpha": 1.3942679845788373,
            "beta": -4.74989244777333
        }
    },
    "individual_37": {
        "fitness": [
            0.0,
            0.0
        ],
        "genome": {
            "alpha": 1.3942679845788373,
            "beta": -4.74989244777333
        }
    },
    "individual_38": {
        "fitness": [
            0.0,
            0.0
        ],
        "genome": {
            "alpha": 1.3942679845788373,
            "beta": -4.74989244777333
        }
    },