{
    "individual_00": {
        "fitness": [
            0.7,
            0.5,
            1.0
        ],
        "genome": {
            "alpha": -24.354809209532146,
            "beta": 8.921407174649294,
            "ask_treshold": 0.04418038135760446
        }
    },
    "individual_01": {
        "fitness": [
            0.65,
            0.65,
            1.0
        ],
        "genome": {
            "alpha": -24.354809209532146,
            "beta": 8.921407174649294,
            "ask_treshold": 0.04418038135760446
        }
    },
    "individual_02": {
        "fitness": [
            0.6,
            0.5,
            1.0
        ],
        "genome": {
            "alpha": -24.354809209532146,
            "beta": 8.921407174649294,
            "ask_treshold": 0.04418038135760446
        }
    },
    "individual_03": {
        "fitness": [
            0.6,
            0.35,
            1.0
        ],
        "genome": {
            "alpha": -3.1616193485730593,
            "beta": 69.83038018737267,
            "ask_treshold": 0.10172886631406974
        }
    },
    "individual_04": {
        "fitness": [
            0.55,
            0.5,
            1.0
        ],
        "genome": {
            "alpha": -3.1616193485730593,
            "beta": 69.83038018737267,
            "ask_treshold": 0.10172886631406974
        }
    },
    "individual_05": {
        "fitness": [
            0.55,
            0.5,
            1.0
        ],
        "genome": {
            "alpha": -24.354809209532146,
            "beta": 8.921407174649294,
            "ask_treshold": 0.04418038135760446
        }
    },
    "individual_06": {
        "fitness": [
            0.55,
            0.45,
            1.0
        ],
        "genome": {
            "alpha": -3.1616193485730593,
            "beta": 69.83038018737267,
            "ask_treshold": 0.10172886631406974
        }
    },
    "individual_07": {
        "fitness": [
            0.55,
            0.45,
            1.0
        ],
        "genome": {
            "alpha": -3.1616193485730593,
            "beta": 69.83038018737267,
            "ask_treshold": 0.10172886631406974
        }
    },
    "individual_08": {
        "fitness": [
            0.55,
            0.45,
            1.0
        ],
        "genome": {
            "alpha": -3.1616193485730593,
            "beta": 69.83038018737267,
            "ask_treshold": 0.10172886631406974
        }
    },
    "individual_09": {
        "fitness": [
            0.5,
            0.65,
            1.0
        ],
        "genome": {
            "alpha": -24.354809209532146,
            "beta": 8.921407174649294,
            "ask_treshold": 0.04418038135760446
        }
    },
    "individual_10": {
        "fitness": [
            0.5,
            0.55,
            1.0
        ],
        "genome": {
            "alpha": -3.1616193485730593,
            "beta": 69.83038018737267,
            "ask_treshold": 0.10172886631406974
        }
    },
    "individual_11": {
        "fitness": [
            0.5,
            0.55,
            1.0
        ],
        "genome": {
            "alpha": -3.1616193485730593,
            "beta": 69.83038018737267,
            "ask_treshold": 0.10172886631406974
        }
    },
    "individual_12": {
        "fitness": [
            0.5,
            0.5,
            1.0
        ],
        "genome": {
            "alpha": -3.1616193485730593,
            "beta": 69.83038018737267,
            "ask_treshold": 0.10172886631406974
        }
    },
    "individual_13": {
        "fitness": [
            0.5,
            0.5,
            1.0
        ],
        "genome": {
            "alpha": -24.354809209532146,
            "beta": 8.921407174649294,
            "ask_treshold": 0.04418038135760446
        }
    },
    "individual_14": {
        "fitness": [
            0.5,
            0.45,
            1.0
        ],
        "genome": {
            "alpha": -3.1616193485730593,
            "beta": 69.83038018737267,
            "ask_treshold": 0.10172886631406974
        }
    },
    "individual_15": {
        "fitness": [
            0.5,
            0.4,
            1.0
        ],
        "genome": {
            "alpha": -24.354809209532146,
            "beta": 8.921407174649294,
            "ask_treshold": 0.04418038135760446
        }
    },
    "individual_16": {
        "fitness": [
            0.45,
            0.65,
            1.0
        ],
        "genome": {
            "alpha": -3.1616193485730593,
            "beta": 69.83038018737267,
            "ask_treshold": 0.10172886631406974
        }
    },
    "individual_17": {
        "fitness": [
            0.45,
            0.5,
            1.0
        ],
        "genome": {
            "alpha": -24.354809209532146,
            "beta": 8.921407174649294,
            "ask_treshold": 0.04418038135760446
        }
    },
    "individual_18": {
        "fitness": [
            0.45,
            0.4,
            1.0
        ],
        "genome": {
            "alpha": -24.354809209532146,
            "beta": 8.921407174649294,
            "ask_treshold": 0.04418038135760446
        }
    },
    "individual_19": {
        "fitness": [
            0.45,
            0.4,
            1.0
        ],
        "genome": {
            "alpha": -24.354809209532146,
            "beta": 8.921407174649294,
            "ask_treshold": 0.04418038135760446
        }
    },
    "individual_20": {
        "fitness": [
            0.45,
            0.35,
            1.0
        ],
        "genome": {
            "alpha": -24.354809209532146,
            "beta": 8.921407174649294,
            "ask_treshold": 0.04418038135760446
        }
    },
    "individual_21": {
        "fitness": [
            0.45,
            0.35,
            1.0
        ],
        "genome": {
            "alpha": -24.354809209532146,
            "beta": 8.921407174649294,
            "ask_treshold": 0.04418038135760446
        }
    },
    "individual_22": {
        "fitness": [
            0.4,
            0.75,
            1.0
        ],
        "genome": {
            "alpha": -3.1616193485730593,
            "beta": 69.83038018737267,
            "ask_treshold": 0.10172886631406974
        }
    },
    "individual_23": {
        "fitness": [
            0.4,
            0.65,
            1.0
        ],
        "genome": {
            "alpha": -24.354809209532146,
            "beta": 8.921407174649294,
            "ask_treshold": 0.04418038135760446
        }
    },
    "individual_24": {
        "fitness": [
            0.4,
            0.6,
            1.0
        ],
        "genome": {
            "alpha": -3.1616193485730593,
            "beta": 69.83038018737267,
            "ask_treshold": 0.10172886631406974
        }
    },
    "individual_25": {
        "fitness": [
            0.4,
            0.55,
            1.0
        ],
        "genome": {
            "alpha": -3.1616193485730593,
            "beta": 69.83038018737267,
            "ask_treshold": 0.10172886631406974
        }
    },
    "individual_26": {
        "fitness": [
            0.4,
            0.55,
            1.0
        ],
        "genome": {
            "alpha": -3.1616193485730593,
            "beta": 69.83038018737267,
            "ask_treshold": 0.10172886631406974
        }
    },
    "individual_27": {
        "fitness": [
            0.4,
            0.5,
            1.0
        ],
        "genome": {
            "alpha": -24.354809209532146,
            "beta": 8.921407174649294,
            "ask_treshold": 0.04418038135760446
        }
    },
    "individual_28": {
        "fitness": [
            0.4,
            0.45,
            1.0
        ],
        "genome": {
            "alpha": -24.354809209532146,
            "beta": 8.921407174649294,
            "ask_treshold": 0.04418038135760446
        }
    },
    "individual_29": {
        "fitness": [
            0.4,
            0.4,
            1.0
        ],